subID,resp_rate_trial_mean,resp_rate_trial_std,resp_pairs_sum_std,RTs_first_resp_mean,RTs_first_resp_std,resp_pairs_sum_slope,resp_pairs_sum_spearman_corr,resp_time_diff_mean,resp_time_diff_std,volatility,gold_vs_silver,run_burstiness,devaluation_ratio
2,2.062222222222222,0.46493505896361265,0.7581002897920013,1.7224,1.122207764483327,0.28444444444444444,0.19999999999999998,0.4731525054466231,0.21767823304098316,0.07882488986784142,0.4088888888888891,-0.3700425244739511,0.5094850948509485
6,3.122222222222222,0.7572421263110514,1.4381915942350643,1.5312999999999999,0.7461909273101623,0.7488888888888892,0.7999999999999999,0.3123677419354839,0.3334012519442333,0.08391335740072202,-0.5555555555555558,0.03239217373762035,0.4992017030335284
7,1.9844444444444442,0.8110383867279204,0.8073122607886944,2.7527999999999997,2.61765432740417,0.01111111111111139,-0.19999999999999998,0.4536024915062288,0.5460485507831511,0.2715784650630011,-0.11111111111111094,0.09219745953494723,0.950354609929078
8,2.6733333333333333,0.3978060545849848,0.4834546463337883,1.7762999999999998,0.9994981018268896,-0.09999999999999985,-0.3,0.3633629505448449,0.2201482452071718,0.09672950126796281,0.013333333333333197,-0.245633093036988,0.8683127572016461
9,1.7044444444444444,0.4922499504493842,0.673226980966475,1.3541999999999998,0.7092776920532919,-0.2377777777777779,-0.7999999999999999,0.5766750330250991,0.3910277193826048,0.15330120481927711,0.04888888888888854,-0.19216161158647074,0.6307692307692307
12,1.9511111111111112,0.5837112238658265,0.9163265362236621,1.5268000000000002,0.7671808131073143,0.5444444444444445,0.8999999999999998,0.5025702764976958,0.32318027277636163,0.15165850815850815,0.34666666666666646,-0.21751935517251522,0.4827586206896552
20,2.551111111111111,0.7551051671410232,1.1323089051977486,1.2865000000000002,0.5680485601307926,0.617777777777778,0.8999999999999998,0.3853444639718805,0.3234619800969969,0.14870124113475178,0.10666666666666647,-0.08752329450858763,0.8990384615384616
22,2.6977777777777776,0.6557292090569286,1.3605917376432983,0.9927999999999999,0.19814237305533614,0.41555555555555557,0.0,0.3674975083056478,0.32177865901415076,0.12463819095477388,0.09777777777777841,-0.06653559366774035,0.4472727272727272
23,2.162222222222222,0.4729210515378379,0.7035360424050521,2.5608000000000004,2.1387541960475756,0.29111111111111115,0.49999999999999994,0.44179854620976117,0.3869575136605331,0.17207345225603357,-0.13777777777777755,-0.06643130622883166,0.8818565400843882
26,1.6266666666666665,0.30788450259961947,0.594335400175048,1.6237,0.32894411886114233,-0.3622222222222223,-0.8999999999999998,0.6049612188365651,0.45193942206050364,0.2978455056179775,-0.0711111111111109,-0.1451227415416089,0.5882352941176471
28,0.9666666666666666,0.8622075854682314,1.700762356295727,2.559,2.5728205879496877,-0.8822222222222225,-0.6,0.9901976470588234,1.2099034475332904,0.4231927710843373,0.0311111111111112,0.09927859444596417,1.0
29,2.3977777777777782,0.9311821181563847,0.9678026530799768,5.0661000000000005,11.458607162303803,-0.02222222222222206,0.09999999999999999,0.36604022450888685,0.3464803625588337,0.15263833805476865,1.0711111111111111,-0.027685439683278596,0.9349775784753364
31,2.8,0.22023805551582964,0.2596293654566205,0.8885000000000002,0.6192650213492337,0.0466666666666666,0.09999999999999999,0.3540664,0.14186164023800377,0.11767580645161291,0.07111111111111112,-0.42805768860328053,0.8220140515222483
34,0.9977777777777778,0.4536636414663152,0.6133091782683089,1.9532,0.8398843571190818,0.1955555555555556,0.7,0.7942118451025058,0.7236955629300063,0.28807692307692306,-0.12888888888888894,-0.04702512757259942,0.6511627906976745
37,2.551111111111111,0.6438737362270788,1.2714917844896567,0.8907,0.6239357249660327,0.268888888888889,0.09999999999999999,0.3889340949033392,0.1862604640614832,0.0864982269503546,0.07111111111111157,-0.35254913358658596,0.625
39,2.657777777777778,0.2126841975823182,0.3263717489589417,1.3173,0.8761491565050121,0.16888888888888898,0.8999999999999998,0.3693161888701518,0.16252991007869527,0.10761309523809524,0.16888888888888864,-0.3889874777082185,0.5
44,0.5377777777777778,0.12735571733533305,0.26368705731895686,2.6814999999999998,0.7897442975771054,0.07111111111111111,0.3,1.8125172413793105,0.861858055053589,0.5140945945945945,0.01777777777777778,-0.356412722213163,0.5643564356435643
45,2.8155555555555556,0.25810324281305985,0.5098050946860982,0.9194999999999999,0.37275826244661864,0.26444444444444476,0.9999999999999999,0.3517565632458234,0.1035502566849397,0.0661635926222935,0.057777777777777484,-0.5452805835574676,1.0
46,2.2488888888888887,0.5219778782187942,0.29506224495021693,1.527,0.615385516024982,0.08888888888888916,0.49999999999999994,0.4338473053892215,0.2860600903000314,0.1880665322580645,-0.3555555555555556,-0.20552551777646105,0.4277456647398844
47,2.413333333333333,0.34173767203564226,0.5233793327271584,1.5936,1.0032402171630346,0.09111111111111117,0.09999999999999999,0.40555483271375464,0.30056703584572986,0.15326829268292685,0.23999999999999977,-0.14890956583032874,0.4857142857142857
50,1.06,0.9859395608039567,1.5567138544675954,1.4552999999999998,0.5037731080997123,-0.8377777777777781,-0.8207826816681233,0.8999850107066382,1.493696946654296,0.4408512035010941,-0.3333333333333335,0.24752992080134326,0.7073170731707317
52,2.64,0.674424003595301,1.247674379806162,2.4569,2.3550627002740763,0.5111111111111113,0.7,0.361955857385399,0.24377049826378855,0.13360958904109588,0.16888888888888864,-0.19531767331894295,0.4823529411764706
53,2.6133333333333333,0.2819100051945773,0.3762715069116719,1.9502,3.654052325843186,0.19555555555555565,0.8999999999999998,0.37027015437392796,0.14904398607990055,0.13213581314878894,-0.22222222222222232,-0.42617237018819687,0.8161290322580645
57,1.451111111111111,0.49768186906733297,1.0295150482474267,3.2379000000000007,0.6385720963385593,0.6311111111111113,0.9999999999999999,0.6519735614307931,0.4231903465266797,0.11566666666666668,0.17333333333333356,-0.21316060674635268,0.4964539007092198
61,2.7111111111111112,0.2639782174993402,0.3794082461991972,1.2859,0.500126084102799,0.1977777777777776,0.7999999999999999,0.36284793388429754,0.1983612015226456,0.13993500000000003,0.1777777777777776,-0.29328239854701316,0.9852941176470588
65,2.046666666666667,0.29001679152938475,0.5633673011893598,1.0074999999999998,0.376568202469501,0.3333333333333334,0.8999999999999998,0.4836641053787047,0.24451177462433285,0.11411986681465039,0.20888888888888912,-0.3286715387722602,0.439453125
66,2.4288888888888893,0.46401953508851174,0.8394001385469225,4.7135,5.43265249824307,0.38,0.6,0.37314219759926137,0.25261112212605263,0.13508760484622553,-0.040000000000000036,-0.19283992511047585,0.5553319919517102
67,1.5288888888888887,0.6316568671400736,1.1730092144923459,2.0087,1.0816826449770027,0.5888888888888891,0.6668859288553501,0.6279203539823008,1.0524610980570068,0.5547275449101796,-0.16888888888888887,0.25229997695325285,0.8205128205128205
69,2.6622222222222223,0.1727054153575596,0.13203067357789314,1.5931000000000002,1.112260705849927,0.07555555555555575,0.8999999999999998,0.3660631313131313,0.13942505079616307,0.09820797962648556,0.18666666666666654,-0.4485230448586339,0.495583038869258
70,2.715555555555556,0.17174965032520817,0.28397530756853157,1.5791999999999997,0.5501332767813834,0.051111111111111024,0.3,0.35868811881188123,0.1227382736655001,0.1023153078202995,0.0,-0.49026252663905995,0.430939226519337
71,2.68,0.5176924636967878,0.7725858456436336,2.1590000000000003,1.8615171232089165,0.40888888888888886,0.7,0.3605752508361204,0.2247581800977609,0.13670320404721753,0.05333333333333323,-0.23223153037277694,0.5126582278481012
76,2.7333333333333334,0.26210082982154276,0.4061259307221571,1.2085000000000001,1.2418679702591398,0.024444444444444536,0.09999999999999999,0.3599836065573771,0.16358132414179466,0.10741900826446281,-0.11555555555555586,-0.3753011175535893,0.5079872204472844
77,1.6022222222222222,0.629886657777485,0.9824886516480907,1.2257,0.35337265504468984,0.12666666666666676,0.35909242322980395,0.6199043600562588,0.9240799455510845,0.3219058487874465,0.3688888888888888,0.19666868352475328,0.5117719950433705
78,2.9955555555555557,0.7034151455158006,1.2840522276982311,1.734,2.4273330586834967,0.4933333333333334,0.49999999999999994,0.3229207772795217,0.20017893940271947,0.11417243975903613,-0.017777777777777448,-0.2348199058010779,0.993119266055046
79,2.5422222222222226,0.6151449359143502,1.2570197951631863,1.1893,0.32014824691070853,0.7111111111111112,0.9999999999999999,0.38810317460317456,0.1917166629234838,0.09537811387900356,0.2400000000000002,-0.33889788260183845,0.9873684210526316
80,2.96,0.351020460246493,0.6107271521072137,1.2406000000000001,0.5191887261231057,0.23555555555555563,0.7,0.33235325264750376,0.139662229153383,0.09797865853658537,-0.3288888888888888,-0.40838794346144175,1.0
81,2.757777777777778,0.7657589903329377,1.5232680916412402,2.2874000000000003,2.3572539673668316,0.8555555555555561,0.8999999999999998,0.3445962632006499,0.26070090382336164,0.10258804258804258,0.13777777777777755,-0.1388011971393833,1.0
82,2.6822222222222223,0.1536211290908741,0.3101572679532068,1.78,1.3530213104998259,0.11333333333333312,0.39999999999999997,0.36290726817042607,0.14668318049606288,0.12645324347093514,0.06666666666666687,-0.4244808474820024,1.0
85,2.6933333333333334,0.7889358358487841,1.4641055079028988,2.617,1.6272614349814158,0.8800000000000004,0.9999999999999999,0.3372953410981697,0.22689833130934653,0.12234647651006711,-0.026666666666666394,-0.19587228550819252,0.549079754601227
86,1.308888888888889,0.4006099601757848,0.7043778447311841,3.5549999999999997,6.0110147969281265,0.4155555555555557,0.8999999999999998,0.7216511226252159,0.5650540555437628,0.3148594024604569,0.09333333333333349,-0.12212965117836284,0.5204918032786885
87,0.9800000000000001,0.4745888408941308,0.9463901526261009,1.902,1.1485236900763809,0.22222222222222218,0.6,1.005677494199536,0.9204962440352533,0.3881995249406176,-0.07555555555555538,-0.04480260549374504,0.6111111111111112
92,2.7244444444444444,0.7731573519079592,1.4956232442994755,2.0382000000000002,3.1431838352572097,0.39333333333333326,0.19999999999999998,0.3458659539473684,0.5547507319593724,0.16574543946932008,0.5244444444444447,0.23174065241559177,0.5424164524421594
95,1.9,1.3769910139142336,2.8738927014172364,1.7771000000000001,0.6915813521681065,1.5333333333333339,0.7,0.4971644970414202,0.9446752972431632,0.1937497005988024,0.19999999999999996,0.31010730315668217,0.959731543624161
96,2.54,0.28168608548250684,0.5912113532380202,0.9712,0.5121470708909915,0.2933333333333335,0.8999999999999998,0.38984289496910857,0.3305362171440651,0.09946660730186999,0.048888888888889426,-0.08254628739909943,0.593607305936073
97,2.011111111111111,1.0417485564519322,1.9282180092920056,3.7346000000000004,7.072330312170412,0.8222222222222227,0.49999999999999994,0.461277094972067,0.6501833257912458,0.1646598870056497,0.29777777777777814,0.1696907501352661,0.4259259259259259
99,2.3377777777777777,0.4657604369592681,0.5753367237357722,3.1458,1.2164447103478782,0.2955555555555555,0.8999999999999998,0.40322744721689063,0.4007722817276189,0.1258158914728682,0.3288888888888888,-0.0032937254546593895,0.7303030303030303
100,2.688888888888889,0.367544777186823,0.3395712619985803,1.6405999999999998,0.7654094329180952,-0.15111111111111103,-0.7,0.3624108333333333,0.18358790123681717,0.1251327731092437,0.1688888888888891,-0.3277013377407159,1.0
101,1.6466666666666665,0.6732555062384444,1.1238601907688794,5.9027,7.0953948296686695,-0.251111111111111,-0.09999999999999999,0.5247975376196992,0.6768257257687694,0.31191123439667123,0.3688888888888886,0.12618224420577656,0.5012406947890818
102,1.4155555555555557,0.44850613189000604,0.8383699645925208,1.4073,0.5955123004607041,-0.48222222222222244,-0.8999999999999998,0.6923971291866028,0.4270046653246281,0.3740162074554295,0.14666666666666672,-0.2374607635375129,0.7846153846153846
105,2.075555555555556,0.25298221281347033,0.45362735563210654,1.2634,0.6380529758570208,0.1333333333333333,0.3,0.47402272727272726,0.26346516320753527,0.20135886214442014,0.11555555555555541,-0.2857550931915739,0.7082294264339152
106,1.6800000000000002,1.2485030817464229,0.7340737003400029,1.5596,1.029313600847132,-0.25111111111111123,-0.49999999999999994,0.39997319034852546,0.36260072789623826,0.1541747967479675,-1.4933333333333336,-0.04934284905693003,0.9977678571428572
107,1.4,0.6105609195554037,0.5841528634708851,2.1421,0.8375868047883488,0.34222222222222237,0.8999999999999998,0.6816790322580646,0.7845544892300037,0.3705524590163935,0.7200000000000002,0.06976150196413337,0.696969696969697
108,2.982222222222222,0.40325153066314257,0.6587680233906132,1.0223,0.5646782859882843,0.2777777777777779,0.6,0.3320195195195195,0.2009817517395569,0.11916338880484115,0.062222222222221735,-0.2460252857450237,0.5452196382428941
109,1.2577777777777777,0.6008864051376821,1.183779258702117,1.5652,0.4099227027406779,0.46888888888888897,0.6,0.782498201438849,0.8654486822558464,0.5260421245421245,-0.16888888888888864,0.04988673698290461,0.5055350553505535
111,2.9866666666666664,0.5535469863687904,1.033201903230683,1.4069999999999998,0.9267069535607132,0.4466666666666666,0.46169025843831935,0.327356071964018,0.23347136680788633,0.10664803625377643,0.11555555555555541,-0.16758612533946343,0.4406438631790744
114,2.7022222222222223,0.42760698851341805,0.7339055006951629,1.3268,0.45348007428968445,0.2666666666666668,0.19999999999999998,0.36354560530679936,0.17243849102836503,0.11518478260869568,0.23111111111111082,-0.3567347077253821,0.9491525423728814
115,1.511111111111111,0.40734006177385235,0.6214280646270917,1.8583000000000003,0.38819584118214245,0.04888888888888883,0.09999999999999999,0.6443910447761194,0.4063140919593687,0.13181363636363638,-0.23111111111111082,-0.22694199933599643,0.4054054054054054
116,2.6422222222222222,0.5452828012447608,1.0479138594322164,1.3887999999999998,0.542945014609112,0.3888888888888888,0.09999999999999999,0.37076844783715013,0.25930275745215603,0.12866809238665528,-0.09333333333333371,-0.1771151593910124,0.9479553903345724
118,1.708888888888889,0.5447794383861603,0.8411338614272441,3.1788,1.8683182455531142,0.4222222222222224,0.7999999999999999,0.5258260869565218,0.697163958111775,0.33636849132176233,0.31555555555555537,0.13977437533945208,0.5779569892473119
120,1.642222222222222,0.5866788251639458,1.0378515319972967,2.7084,3.12045816436554,-0.3111111111111111,-0.6,0.5797283950617285,1.352884556764406,0.4868803894297636,0.1288888888888886,0.3997691379473516,0.4363957597173145
122,2.586666666666667,0.48947215487482554,0.8680046651749243,1.2555,0.5842728148923432,0.2466666666666667,0.39999999999999997,0.3811117850953206,0.22926082167177844,0.09050349650349651,0.09777777777777752,-0.24898734711748702,0.5951359084406295
125,2.693333333333334,0.2339615294370333,0.24775535523855577,1.6738,0.8321224268900179,0.0,-0.09999999999999999,0.36213311148086524,0.1501889088055297,0.11376090604026846,0.008888888888888502,-0.4138657784368016,0.5342706502636204
126,2.7,0.37803186807260525,0.4112612338515942,1.6164,1.460987580751839,-0.015555555555555602,0.09999999999999999,0.36249128630705396,0.1657688799510364,0.1252979079497908,0.23555555555555552,-0.3725755781762305,0.996309963099631
128,3.2977777777777773,0.22472662862502238,0.1759629590651481,0.77,0.3379796180573944,0.04444444444444445,0.09999999999999999,0.3004362279511533,0.1251513584790147,0.09508948087431693,-0.3733333333333331,-0.4120064332265909,0.991011235955056
129,2.74,0.3362098110362591,0.44682694747256935,1.5153000000000003,1.2032484780792372,0.2288888888888888,0.6,0.35666230580539654,0.16325970477991872,0.09963478977741137,0.25333333333333297,-0.3721600575531336,0.4980842911877394
130,2.0444444444444447,0.4251361437713109,0.8225224677031889,1.4662,0.46239132056444715,-0.36888888888888915,-0.7,0.4820241758241759,0.3470328027601486,0.12849777777777777,0.017777777777778336,-0.16309278250304723,0.9930555555555556
132,2.3866666666666667,0.3334485397620001,0.3765994695878197,1.37,0.8242145082170997,0.17333333333333337,0.8999999999999998,0.4129436090225564,0.3149383559216196,0.16668311195445917,0.26666666666666705,-0.1348752350468349,0.9979591836734694
133,2.7444444444444445,0.7151313825975317,1.167777249180555,0.8948999999999998,0.6654703349261082,0.4644444444444447,0.7,0.35747591836734693,0.6927757783263024,0.1408082304526749,0.022222222222222143,0.31907330313414417,0.4451612903225806
134,3.18,0.4755128629734675,0.932459908779719,1.0294,1.0125520233548497,0.5133333333333335,0.7,0.31075932441942294,0.12699848532131977,0.0781268603827073,0.04888888888888854,-0.4199223800525916,0.8860759493670886
137,2.5333333333333337,0.39322102044405915,0.7983006642971582,1.0881999999999998,0.266307174351558,0.3044444444444445,0.49999999999999994,0.3904663716814159,0.30688992094930256,0.1700705357142857,0.02666666666666684,-0.12006571281438666,0.7074340527577938
138,2.497777777777778,0.7773332062765921,1.2163901258525591,1.7619,1.2367562815688466,0.748888888888889,0.9999999999999999,0.38835906642728907,0.3588778437221658,0.15171467391304347,0.7111111111111108,-0.03967781474132862,0.5324675324675324
140,3.0644444444444447,0.39425921576813777,0.8240819808193304,1.1816,0.5777620040581878,0.4533333333333334,0.8207826816681233,0.32106208911614315,0.13932988569777977,0.08553127299484915,-0.031111111111111533,-0.3948878534843402,0.4926719278466742
144,1.8777777777777775,0.24326313886922996,0.4354648431614538,1.5176,0.5711832163734039,0.2711111111111111,0.9999999999999999,0.5247796407185629,0.1537103127850096,0.09200484848484848,0.048888888888889204,-0.5471146158619242,0.3454545454545454
146,1.6977777777777778,0.6004296586897532,1.116918158523491,0.8992000000000001,0.26166339700717284,0.5244444444444446,0.6,0.5858713527851459,0.4701449417960817,0.35423655913978497,0.01777777777777767,-0.10991550191540414,0.372960372960373
149,2.5466666666666664,0.4879002349167547,0.5814838405236414,1.5458,1.256145055318055,0.20222222222222233,0.09999999999999999,0.3839260563380282,0.22359055126642371,0.10168383658969805,0.27555555555555555,-0.26412436239255854,0.4961685823754789
151,2.5844444444444443,0.4246260357458032,0.7431331735161922,1.1401,0.6800361836778327,0.12888888888888878,0.19999999999999998,0.38128534258456204,0.29013367537278556,0.1380787401574803,0.36888888888888927,-0.13597264939351464,0.5521472392638037
153,2.0355555555555553,0.6641268492383716,1.131523609569127,2.7744,5.34688640861826,0.2711111111111111,0.3,0.4685507726269315,0.7501105893895376,0.20832254464285715,0.5333333333333334,0.2307788729806987,1.0
154,1.6599999999999997,0.6286310163621506,1.2212723581738456,1.3212,0.8721954164316873,-0.33111111111111113,-0.49999999999999994,0.5962048846675713,0.8488277659052864,0.33336588720770294,-0.11111111111111116,0.1744924845424971,0.3765432098765432
155,2.7088888888888887,0.14607813081287446,0.22629599321068367,1.2215,0.5225680710576268,-0.11333333333333329,-0.6,0.36342349048800665,0.12175362965906766,0.08452293577981651,-0.05777777777777837,-0.4982619922291002,1.0
156,2.886666666666667,0.14342470051840045,0.21510835627253438,2.1525,1.1273948583644804,-0.05333333333333333,-0.3,0.33344453064391,0.14305919018878077,0.11486239249413603,0.1200000000000001,-0.3997094257947536,0.997716894977169
159,2.9044444444444446,0.3056038121265548,0.3004523338872098,1.6352999999999998,1.287541330512453,0.07555555555555568,0.3,0.33366692367000766,0.13224244158844284,0.09233411033411033,0.3599999999999999,-0.43248223648300904,0.572139303482587
160,2.1666666666666665,0.8950557683922472,1.616122474273485,2.4187000000000003,2.572564222284407,0.6288888888888892,0.39999999999999997,0.4415305699481865,0.5607211608974658,0.18503769633507855,0.057777777777777484,0.1186672650335873,0.7439024390243902
162,2.424444444444444,0.38052018399191395,0.3608631627393162,2.5262000000000002,1.3567690215279011,0.18000000000000002,0.9999999999999999,0.39314616096207217,0.26775585013937464,0.18657236227824464,-0.1733333333333329,-0.18994906004583414,0.4936061381074169
163,0.49111111111111105,0.26219501846753435,0.48620475288544335,2.1334,0.46379190736076165,0.09777777777777778,0.19999999999999998,0.7229763033175356,2.141614034055708,0.6357562189054727,0.039999999999999925,0.49433542377145046,0.4065934065934066
164,2.764444444444444,0.25707012275053265,0.2026978533509578,1.2542,0.40258133753731473,0.1066666666666665,0.8999999999999998,0.35542625607779577,0.14790551714753203,0.1097328431372549,0.11555555555555541,-0.4124623459360805,0.5242718446601942
166,2.8088888888888888,0.2646425235953674,0.33236897539100924,0.6111000000000001,0.38351487005793605,0.17777777777777812,0.7999999999999999,0.35466427432216907,0.18698010371573334,0.10740353697749197,0.08888888888888857,-0.3097638308887349,0.9773299748110832
167,2.7133333333333334,0.5484933847744105,0.7836918013518919,1.2478000000000002,0.5062276167891278,0.4222222222222225,0.9999999999999999,0.36268455821635015,0.3653005481749123,0.11010741049125726,0.4044444444444446,0.0033869425922313746,0.7303664921465969
170,2.8022222222222224,0.45751760555899207,0.6064264888836514,1.955,3.249908032886811,0.2955555555555558,0.6668859288553501,0.3452517985611511,0.14709510306860182,0.08078887993553586,0.2711111111111113,-0.40264125561907443,0.5518716577540107
171,2.42,0.6460558822716752,1.2408081794828743,2.1999,1.4081587229033838,0.5933333333333333,0.7,0.3984708063021316,0.2515150029097298,0.11084190832553789,0.4133333333333331,-0.22631073019228187,1.0
172,0.6977777777777777,0.31465355346883084,0.6213088534360546,1.5722999999999998,0.948673934148785,-0.25111111111111123,-0.09999999999999999,1.4231776315789473,0.7788531435180637,0.4132857142857143,0.026666666666666616,-0.2933576870279219,0.4367816091954023
174,2.4355555555555557,0.4354900429440717,0.8501851650169009,1.9171999999999998,0.9697571059004644,0.5355555555555558,0.9999999999999999,0.39740423572744016,0.20437628065076718,0.15601951672862455,0.18666666666666654,-0.3209679876793669,1.0
175,2.66,0.3574102859220104,0.4168073836458854,1.2985000000000002,0.45471999931581836,0.07111111111111104,0.3,0.3697068239258635,0.1875701689381492,0.10481478334749364,0.11111111111111116,-0.3270214410734222,0.78239608801956
176,2.54,0.5151264710798048,0.9662962253169202,1.4318999999999997,1.5928489814724363,0.3511111111111112,0.3,0.38601059135039717,0.29424365800543056,0.1797845057880677,-0.07555555555555582,-0.13511766046367746,0.5281385281385281
178,2.586666666666667,0.46827471331800413,0.3932768321000699,1.7552999999999996,2.682430119209901,0.13333333333333333,0.6,0.3710580589254766,0.3841853560193963,0.13684965034965035,-0.382222222222222,0.01716487755699536,0.8440860215053764
181,2.224444444444445,0.6274428255340313,0.683202336133861,3.3835000000000006,3.0139833830552774,0.38222222222222213,0.8999999999999998,0.4218355196770938,0.3821868813981397,0.1714587155963303,0.1200000000000001,-0.04956463364972435,0.4745762711864407
183,2.628888888888889,0.3125276393812699,0.49854108143315834,1.5055,0.9500844699288584,0.2355555555555555,0.7,0.3716828644501279,0.21997993630504323,0.07352278589853826,0.2711111111111113,-0.2566001818471421,0.5401974612129761
185,2.5177777777777774,1.0314159830258365,1.9292165620297468,1.2150000000000003,0.5215994631899078,0.9155555555555558,0.6,0.39119857524487983,0.5163796299316104,0.11178885893980234,0.22666666666666657,0.1377101830882841,1.0
187,3.0022222222222217,0.3580851375112449,0.6338983834131675,1.2247,0.6090973375961075,0.3844444444444445,0.9999999999999999,0.32765324384787475,0.13721687202726643,0.08890984222389181,0.21777777777777763,-0.4098101979025874,1.0
188,2.3844444444444446,0.6393626799308357,1.1529457708917987,1.3457999999999999,0.49854182929374696,0.6577777777777778,0.9999999999999999,0.41260677328316087,0.26974167322501374,0.14603988603988602,0.32444444444444454,-0.20959761494844115,0.8096234309623431
192,2.188888888888889,0.4197131426165351,0.6999118110232723,2.6369,4.9240975811704715,0.37333333333333346,0.8999999999999998,0.43719384615384616,0.19919469380513138,0.13845906735751295,0.1200000000000001,-0.3742046720856987,0.5408163265306123
193,3.2022222222222227,0.5505901560055907,0.9798462968405297,1.2196000000000002,0.9410057503661826,0.4888888888888891,0.9999999999999999,0.30627323549965063,0.18659326801301265,0.10291907107670654,0.1377777777777771,-0.24298876003309267,0.973293768545994
194,2.7755555555555556,0.1441878062000741,0.1731337882736216,1.0149000000000001,0.5306087594033437,0.07555555555555547,0.35909242322980395,0.3558321226795803,0.12616001033612348,0.08419121236777868,0.05777777777777793,-0.4766619445400302,0.5034687809712587
195,2.6822222222222223,0.2889933334463029,0.41799048958405277,1.0038,0.445276892630991,0.18666666666666673,0.7,0.36891395154553047,0.17517894849026477,0.08395703454085932,0.137777777777778,-0.35625215178483055,0.5296229802513465
196,2.8311111111111114,0.10693382182292495,0.18882351809998207,1.1853000000000002,0.8714121425721714,0.08888888888888874,0.6,0.3479034810126582,0.10526380623535345,0.07251754385964913,-0.03555555555555534,-0.535571816820762,1.0
199,0.8511111111111112,0.23190036174568116,0.3241703560677417,2.77,1.362611544873381,-0.15111111111111114,-0.6668859288553501,0.9051260053619303,2.8714163766812915,1.058947658402204,-0.040000000000000036,0.5201695162938706,0.3859649122807017
202,2.3599999999999994,0.6228215808209854,0.9239742393929218,2.0120000000000005,1.4996488477862633,0.31111111111111134,0.19999999999999998,0.4109790874524715,0.3332609255101161,0.11779078694817659,0.3555555555555556,-0.10466136446822426,0.9587155963302753
203,2.442222222222222,0.6975127278315204,1.124628882546056,3.1792,2.1942673188713053,0.5644444444444447,0.7999999999999999,0.38220110192837464,0.4459957598373579,0.17302316960148287,0.06666666666666687,0.07680005918225674,0.410958904109589
205,1.791111111111111,0.7608528894218407,1.4817740451862607,1.5318,0.7753497848641533,0.848888888888889,0.8999999999999998,0.5484849246231155,0.24479303238300051,0.08324681933842241,0.26666666666666683,-0.38309980505198477,0.9724517906336088
207,2.74,0.4009659119569148,0.6068742013764437,0.9416000000000002,0.5534319590819935,-0.22000000000000017,-0.6,0.36232951757972204,0.1550262060218575,0.11544600164880461,0.2799999999999998,-0.4008694726490529,0.7230769230769231
208,2.9422222222222225,0.5105418192915657,0.7488921859472428,0.9713999999999998,0.4555773382326113,0.34444444444444466,0.7,0.33657762557077625,0.17583300726805817,0.12187883435582822,0.21333333333333293,-0.3138743281703075,0.802536231884058
210,1.6711111111111112,0.6223809321399218,1.1487620819767923,1.4375,0.9283846484919683,0.6977777777777779,0.9999999999999999,0.5493787061994609,1.0019584968438133,0.22797540983606557,-0.22222222222222232,0.2914267885252167,0.7139303482587065
211,2.562222222222222,0.5185238094968149,0.7734163429267402,1.2239999999999998,0.624727674004175,0.21111111111111125,0.09999999999999999,0.383575678040245,0.29682398978865215,0.12277228596646073,0.28000000000000025,-0.12771632894496746,0.4980940279542566
212,2.6177777777777775,0.42947634558016623,0.5231905915263848,2.7618,2.0919755044242536,-0.07111111111111104,-0.20519567041703082,0.36351284246575344,0.4165758075475597,0.19204231433506044,0.5244444444444443,0.06780856638786756,0.479876160990712
214,2.7800000000000002,0.7077427942591776,0.8398118542967133,1.1957,0.23895562117031038,0.1422222222222225,0.39999999999999997,0.3538291700241741,0.7012713718116668,0.15755158407798536,0.8844444444444441,0.32911802895425085,0.9872773536895676
215,2.873333333333333,0.5337498373666159,0.870447593106948,1.4350999999999998,1.3998083559306729,0.3844444444444445,0.39999999999999997,0.34078955572876074,0.17652147867535503,0.13620974076983502,0.17333333333333334,-0.31771745203875545,0.4632352941176471
218,2.7555555555555555,0.45997554655585254,0.7252075054258098,1.16,0.38207329139839125,0.31777777777777777,0.49999999999999994,0.3574780487804878,0.15260218310195756,0.11675327868852459,0.14222222222222225,-0.4018247140615461,1.0
219,2.831111111111111,0.5389824279261511,1.0074291936642066,2.1627,2.789870170217006,0.5955555555555555,0.8999999999999998,0.34011075949367087,0.16445401519739625,0.11287400318979265,0.24888888888888916,-0.34830904183411787,0.9969788519637462
220,2.8733333333333335,0.18534807650747434,0.3626377984153142,1.6992999999999998,2.139914227253046,0.08222222222222222,0.3,0.33852299298519095,0.09814601999867888,0.07398193244304792,-0.004444444444444251,-0.550614507328346,0.9616724738675958
223,2.6133333333333333,0.3598810960472654,0.3762715069116716,1.0957000000000001,1.088541434928205,0.09111111111111117,0.3,0.37810291595197254,0.19932740907526317,0.11218425605536332,0.18666666666666654,-0.3097992572709831,0.4933993399339934
224,2.317777777777778,0.70522642269716,1.4029598341707064,1.9222000000000001,1.491914340704586,0.6733333333333335,0.7,0.4165566311713456,0.9607363994366996,0.21823655913978496,0.04888888888888898,0.3949038474355273,0.8285714285714286
230,2.1955555555555555,0.6395986395803906,0.7418029421202584,4.9478,3.8714912946362725,-0.18444444444444438,-0.3,0.4058149284253579,0.6344648318284218,0.19913119834710744,0.2577777777777781,0.2195531384811304,0.5034965034965035
232,2.477777777777778,0.29615737484005633,0.37085153929508097,1.2669000000000001,0.5175097315241737,0.1266666666666667,0.09999999999999999,0.3969257918552036,0.21363457964149424,0.1431214611872146,-0.04888888888888898,-0.3004075534975766,0.5700598802395209
233,2.8844444444444446,0.4522524029119617,0.4925619595042003,1.0355,0.7033505922053066,0.09555555555555563,0.39999999999999997,0.3427725155279503,0.1808964733464743,0.11030907668231611,0.5155555555555558,-0.3092946252338257,0.4555680539932508
234,2.6844444444444444,0.5432008977933593,0.9917685910894765,2.2416,2.4066096115120588,0.36000000000000026,0.09999999999999999,0.3588188647746244,0.3240435314435228,0.1462205387205387,-0.20444444444444443,-0.051134053210977894,0.4876923076923077
235,2.388888888888889,0.7890366754286315,1.0258390122296703,6.0781,11.164292398834181,0.1000000000000002,0.39999999999999997,0.3609051643192488,0.35787018457152814,0.14683791469194313,-0.3333333333333335,-0.004457279237877283,0.473035439137134
236,2.6822222222222223,0.2512083281713829,0.35437303355867855,0.9712000000000002,0.4793261010117342,0.16666666666666682,0.6668859288553501,0.3688638262322473,0.1651181263679048,0.12508593091828135,0.1555555555555559,-0.38173765893812095,0.4794069192751236
237,2.6355555555555554,0.47293845465663314,0.5114491635671918,2.5708,2.3509305391695436,0.19111111111111098,0.6,0.36215221088435373,0.41519876988528853,0.09830874785591767,0.035555555555555785,0.0680284765869838,0.99672131147541
238,3.051111111111111,0.27657517451950353,0.32033932626297584,1.2253,0.5231352172770971,-0.028888888888888863,-0.3,0.3215730007336757,0.1844210600127634,0.12364966740576497,0.048888888888889426,-0.27122444475182816,0.7107142857142857
239,2.96,0.9420405135757733,1.577981207542734,2.1397,1.0846693351739352,0.8644444444444446,0.8999999999999998,0.3250567322239032,0.3454510975831608,0.11599695121951219,0.6133333333333333,0.03022729206146447,0.4881756756756756
242,2.782222222222222,0.757789001039222,1.0909956942803543,1.1046,0.3995495241171264,0.20666666666666658,0.0,0.3554259259259259,0.2602871495671708,0.09781331168831169,0.27555555555555555,-0.15471459328446777,1.0
244,2.9044444444444446,0.2763767135478226,0.2795940620009174,1.7566000000000002,0.4978456253364758,-0.0955555555555556,-0.7,0.3339244410177333,0.14240852759185255,0.10872960372960373,0.33333333333333304,-0.40222475015252385,1.0
248,2.62,0.21683595792087218,0.19588356329812476,1.5915000000000001,0.7103936702045329,0.07777777777777804,0.6,0.3729118905047049,0.18245099718528757,0.1325150992234685,-0.07555555555555582,-0.3431373155415353,0.3468208092485549
249,2.8555555555555556,0.2508148585679557,0.2918650119236376,1.0239999999999998,0.6119990922288112,0.11111111111111109,0.3,0.3462047058823529,0.11826223280414416,0.08673280632411066,0.24444444444444446,-0.49091035790813686,0.981132075471698
250,2.8866666666666667,0.39412001959949755,0.648531103797337,1.8758,0.36195604398569975,0.3488888888888888,0.9999999999999999,0.3356369278510473,0.16868749839136252,0.122113369820172,0.1555555555555559,-0.33120853020110924,0.9974747474747476
251,1.402222222222222,0.7475575226409433,1.396503570429457,6.093999999999999,6.649210629841711,0.8311111111111112,0.8999999999999998,0.6158067632850242,0.634963428984483,0.349392798690671,-0.3422222222222222,0.01491308668577177,0.3783783783783784
252,2.831111111111111,0.24948781552617352,0.33311103698761324,0.8494000000000002,0.3272410596351123,0.051111111111111114,0.6668859288553501,0.34950553797468353,0.1414530744010509,0.08426555023923446,0.26666666666666705,-0.4239301428808923,0.9932584269662922
254,3.055555555555556,0.5020943790086668,0.5483983413001362,1.1160999999999999,0.9408176644694645,0.22666666666666666,0.15389675281277312,0.32230036630036624,0.1863252738121054,0.12392177121771217,0.697777777777778,-0.26750837225258,0.912087912087912
256,2.66,0.21597388451585284,0.3000411494412469,3.8663,2.4123242388479484,0.017777777777777903,0.20519567041703082,0.3477801179443976,0.1116744153835194,0.0806125743415463,0.03111111111111109,-0.5140376722742884,0.3622448979591837
257,2.575555555555556,0.5659230172506209,1.0374946080478658,2.6713,2.811224290431326,0.42888888888888893,0.49999999999999994,0.36349347258485637,0.270346972179759,0.14217383669885866,-0.11111111111111116,-0.1471687214012813,0.4246987951807229
260,2.3088888888888888,0.3155677271170251,0.6058154386271553,1.3958000000000002,0.9858290137972429,0.10444444444444469,0.39999999999999997,0.4248522837706511,0.3498884335068544,0.21419627085377824,0.11999999999999966,-0.09700071159213515,0.6935866983372921
263,1.7,0.6169307631570113,1.147945023848171,2.0757000000000003,1.0661151751413478,0.6333333333333334,0.8999999999999998,0.5699973509933774,1.4911114381386392,0.4127664429530202,-0.22666666666666657,0.44663700914534,0.5472837022132797
264,2.6733333333333333,0.7124254828310858,1.406738632528059,2.0711,0.9593641933882855,-0.5511111111111112,-0.3,0.361233025984912,0.24469722631465893,0.11979036348267116,0.08444444444444432,-0.19252731647556262,0.4522471910112359
265,3.1533333333333333,0.172275977273905,0.3148191720831358,1.374,0.592595421289545,0.13555555555555565,0.49999999999999994,0.3108119233498935,0.14102815231043905,0.09698641887062187,0.12000000000000055,-0.37591318398179385,0.993939393939394
267,3.2688888888888883,0.2696235245544076,0.41970006927346126,1.6763000000000001,0.9599586854535864,0.21555555555555578,0.7999999999999999,0.2976481861738535,0.18593257204625332,0.0992446588559614,0.19999999999999973,-0.23117952482062254,1.0
269,3.0755555555555554,0.24838573479777137,0.18418991808979626,1.1648,0.3672558296942942,0.0466666666666666,0.49999999999999994,0.319401018922853,0.12105051234663765,0.09652785923753666,-0.40888888888888886,-0.45047956093135305,0.47
271,2.786666666666666,0.3170854930086573,0.4889898885571268,1.0416,0.3913325383296865,0.2644444444444447,0.9999999999999999,0.35475482315112544,0.15096045477782102,0.09705510534846029,0.16000000000000014,-0.4031508067042549,0.9882352941176472
275,2.3733333333333335,0.5058559682666612,0.7106943223025537,3.0206999999999997,3.471549991638381,0.3888888888888888,0.8999999999999998,0.39846880907372406,0.37443485193693254,0.17794370229007636,0.20444444444444443,-0.031331846243392004,0.4266666666666667
278,2.5955555555555554,0.7857300694974597,1.260472182738195,2.7281,1.5747213122045154,0.5733333333333333,0.49999999999999994,0.3594050086355786,0.4272512706502024,0.1023493031358885,0.5777777777777775,0.08603200699621262,0.3435582822085889
279,2.746666666666667,0.23428963351611154,0.22846778955510857,2.0477999999999996,0.9326997611474147,0.04666666666666661,0.46169025843831935,0.3521190864600326,0.14275405598691682,0.11127549342105264,-0.17777777777777803,-0.4232355514612303,0.9977011494252872
280,1.6666666666666667,0.8672046446759839,0.9443790827055903,1.6774,0.7833744953724241,-0.4222222222222224,-0.6,0.41645,0.42990955896606026,0.20589726027397262,0.6311111111111112,0.015564902654002859,0.4090909090909091
287,2.891111111111111,0.4638302986582062,0.7511965763342485,2.814,2.672818653697919,0.38000000000000017,0.8720815992723809,0.32767312161115414,0.199904074005819,0.1153926619828259,0.18222222222222229,-0.24236311532122481,0.458984375
289,1.837777777777778,0.42359102360792195,0.6582055665984864,1.517,2.1622798667661463,0.11999999999999994,0.09999999999999999,0.5352570379436965,0.3004939969181789,0.16542503097893432,0.32444444444444476,-0.2811826895274772,0.6414141414141414
291,2.522222222222222,0.21114359724058104,0.32010800646417614,1.0903,0.508484250821334,0.12222222222222218,0.19999999999999998,0.3918284444444445,0.12643757651912682,0.06877847533632288,0.17333333333333378,-0.512238610172545,0.9849624060150376
293,2.188888888888889,0.7143637033653593,1.2113659263027863,1.6827,1.0127907593487522,0.5533333333333335,0.6,0.4434020512820513,0.8361590219912655,0.24140103626943005,0.2711111111111113,0.30671424917459733,0.3575129533678756
294,3.1422222222222222,0.514289633533959,0.8156494042278731,1.9857,3.1744900220350356,0.3511111111111112,0.6,0.30769729344729346,0.3338100346561581,0.12201076040172168,0.40888888888888886,0.04052745676801885,0.4712990936555891
296,2.493333333333333,0.3485104497826167,0.45177291356620586,2.2382,0.6269217211458257,-0.12444444444444439,-0.6,0.38605305755395686,0.24710883747935833,0.1472377495462795,0.275555555555556,-0.21965909205232229,0.3821138211382114
297,2.968888888888889,0.31794953486604816,0.46438596123015424,1.7600000000000002,1.1909100161920994,0.10444444444444455,0.19999999999999998,0.32673906485671195,0.19531231248601374,0.10018768996960487,0.3200000000000003,-0.25192725539334815,0.9385245901639344
298,2.626666666666667,0.21412404901744897,0.4176950272656705,2.0877000000000003,0.8039306285716172,0.2111111111111112,0.7999999999999999,0.3674829351535836,0.13147029894082277,0.06865490533562824,0.017777777777777892,-0.47318118315699803,0.8506944444444444
301,2.1466666666666665,0.36049044476681436,0.40074005613688374,1.5090999999999999,0.9282815006475377,-0.057777777777777845,-0.22360679774997894,0.456189330543933,0.2195302904147938,0.11607399577167019,0.05333333333333323,-0.3504621288108034,0.9946808510638298
303,2.0111111111111115,0.45315537538319356,0.6071589374361888,2.1264,1.2198337956004044,0.32888888888888895,0.8999999999999998,0.4812122905027933,0.5329035988901484,0.18701242937853108,-0.20888888888888868,0.05069303255011986,0.6401515151515151
307,2.6066666666666665,0.5826056601863796,1.1965588520502255,1.4126999999999998,1.6603901850669518,0.6977777777777779,0.9999999999999999,0.37658039552880485,0.16052087449044006,0.09101300954032958,0.23555555555555552,-0.4024498528710177,0.856
308,3.024444444444444,0.22307244758693967,0.38245470965628253,0.7527999999999999,0.34164985324484226,0.17555555555555546,0.49999999999999994,0.32849888971132496,0.10153019528358005,0.06365026099925429,0.040000000000000036,-0.5279320084667187,0.9271523178807948
309,2.837777777777778,0.12917380174107063,0.21116958254585952,0.8162,0.3752414926121281,-0.1111111111111112,-0.8999999999999998,0.3497324388318863,0.09869491303214867,0.06245107398568019,-0.06666666666666687,-0.5599531211077134,0.8958333333333334
311,1.9511111111111112,0.5656660252535946,1.0348972633450204,1.6251999999999995,0.689559086179954,0.2577777777777779,0.09999999999999999,0.503610599078341,0.506863242366148,0.17298135198135198,-0.3288888888888888,0.002930746995297359,0.8941798941798942
